"scientificName","commonNameFr","commonNameEn","category"
"Abies alba","","European Silver Fir","Ornamental"
"Abies concolor","","White Fir","Ornamental"
"Abies fraseri","","Fraser Fir","Ornamental"
"Abies lasiocarpa","","Alpine Fir","Ornamental"
"Abies procera","","Noble Fir","Ornamental"
"Acer davidii","","Snakebark Maple","Ornamental"
"Acer ginnala","","Amur Maple","Ornamental"
"Acer griseum","","Paperbark Maple","Ornamental"
"Acer japonicum","","Fullmoon Maple","Ornamental"
"Acer macrophyllum","","Big Leaf Maple","Ornamental"
"Acer palmatum","","Japanese Maple","Ornamental"
"Acer pensylvanicum","","Moosewood","Ornamental"
"Acer pseudosieboldianum","","Korean Maple","Ornamental"
"Acer rubrum","","Red Maple","Ornamental"
"Acer tegmentosum","","Snakebark Maple","Ornamental"
"Acer triflorum","","Three Flowered Maple","Ornamental"
"Albizia julibrissin","","Mimosa","Ornamental"
"Araucaria araucana","","Monkey Puzzle Tree","Ornamental"
"Arbutus menziesii","","Pacific Madrone*","Ornamental"
"Arbutus unedo","","Strawberry Tree","Fruit"
"Asimina triloba","","Common Paw Paw","Ornamental"
"Betula nigra","","River Birch","Ornamental"
"Betula papyrifera","","Paper Birch","Ornamental"
"Calocedrus decurrens","","California Incense Cedar","Ornamental"
"Carpinus betulus","","European Hornbeam","Ornamental"
"Carpinus japonica","","Japanese Hornbeam","Ornamental"
"Cedrus deodara","","Deodar Cedar","Ornamental"
"Cedrus libani","","Cedar of Lebanon","Ornamental"
"Cercidiphyllum japonicum","","Katsura Tree","Ornamental"
"Cercis canadensis","","Eastern Redbud","Ornamental"
"Chamaecyparis lawsoniana","","Lawson Falsecypress","Ornamental"
"Chionanthus retusus","","Chinese Fringetree","Ornamental"
"Chionanthus virginicus","","White Fringetree","Ornamental"
"Clerodendrum trichotomum","","Harlequin Glorybower","Ornamental"
"Cornus alternifolia","","Pagoda Dogwood","Ornamental"
"Cornus kousa","","Chinese Dogwood","Ornamental"
"Cornus mas","","Cornelian Cherry Dogwood","Ornamental"
"Cryptomeria japonica","","Japanese Cedar","Ornamental"
"Davidia involucrata","","Dove Tree","Ornamental"
"Diospyros kaki","","Japanese Persimmon","Ornamental"
"Diospyros virginiana","","Common Persimmon","Ornamental"
"Drimys lanceolata","","Mountain Pepper","Vegetable"
"Elaeagnus angustifolia","","Russian Olive","Ornamental"
"Elaeocarpus decipiens","","Japanese Blueberry Tree","Ornamental"
"Eriobotrya japonica","","Loquat","Ornamental"
"Euonymus europaeus","","Spindle Tree","Ornamental"
"Ficus carica","","Common Fig","Fruit"
"Franklinia alatamaha","","Franklin Tree","Ornamental"
"Ginkgo biloba","","Ginkgo","Ornamental"
"Hippophae rhamnoides","","Sea Buckthorn","Ornamental"
"Juniperus scopulorum","","Rocky Mountain Juniper","Ornamental"
"Koelreuteria paniculata","","Golden Rain Tree","Ornamental"
"Laurus nobilis","","Bay Laurel","Ornamental"
"Liquidambar styraciflua","","Sweet Gum","Ornamental"
"Liriodendron tulipifera","","Tuliptree","Ornamental"
"Magnolia denudata","","Yulan Magnolia","Ornamental"
"Magnolia grandiflora","","Southern Magnolia","Ornamental"
"Magnolia kobus","","Kobus Magnolia","Ornamental"
"Magnolia sieboldii","","Oyama Magnolia","Ornamental"
"Metasequoia glyptostroboides","","Dawn Redwood","Ornamental"
"Nyssa sylvatica","","Black Gum","Ornamental"
"Oxydendron arboreum","","Sourwood","Ornamental"
"Parrotia persica","","Persian Parrotia","Ornamental"
"Paulownia tomentosa","","Royal Empress Tree","Ornamental"
"Picea abies","","Norway Spruce","Ornamental"
"Abelia chinensis","","Chinese abelia","Ornamental"
"Abeliophyllum distichum","","white forsythia","Ornamental"
"Abelmoschus esculentus","","okra","Ornamental"
"Abelmoschus manihot","","sunset huskmallow","Ornamental"
"Abelmoschus moschatus","","musk mallow","Ornamental"
"Abies balsamea","","balsam fir","Ornamental"
"Abies firma","","momi fir","Ornamental"
"Abies grandis","","grand fir","Ornamental"
"Abies homolepis","","Nikko fir","Ornamental"
"Abies nordmanniana","","Caucasian fir","Ornamental"
"Abutilon hybridum","","flowering-maple","Ornamental"
"Acacia koa","","koa","Ornamental"
"Acacia redolens","","black cat claw","Ornamental"
"Acalypha hispida","","red hot cat's tail","Ornamental"
"Acalypha wilkesiana","","Jacob's coat","Ornamental"
"Acantholimon ulicinum","","prickly thrift","Ornamental"
"Acanthus hungaricus","","bear's breeches","Ornamental"
"Acanthus mollis","","bear's breeches","Ornamental"
"Acanthus montanus","","mountain thistle","Ornamental"
"Acanthus spinosus","","bear's breeches","Ornamental"
"Acca sellowiana","","pineapple guava","Ornamental"
"Acer buergerianum","","trident maple","Ornamental"
"Acer campestre","","hedge maple","Ornamental"
"Acer capillipes","","snakebark maple","Ornamental"
"Acer cappadocicum","","cappadocian maple","Ornamental"
"Acer carpinifolium","","hornbeam maple","Ornamental"
"Acer cissifolium","","ivy-leaved maple","Ornamental"
"Acer monspessulanum","","Montpellier maple","Ornamental"
"Acer saccharum subsp. grandidentatum","","bigtooth maple","Ornamental"
"Acer truncatum","","shantung maple","Ornamental"
"Achillea distans","","Alps yarrow","Ornamental"
"Achillea filipendulina","","fern-leaf yarrow","Ornamental"
"Achillea millefolium","","yarrow","Ornamental"
"Achillea millefolium f. rosea","","yarrow","Ornamental"
"Achillea ptarmica (The Pearl Group)","","sneezewort","Ornamental"
"Achillea sibirica","","Siberian yarrow","Ornamental"
"Achillea (Summer Pastels Group)","","yarrow","Ornamental"
"Achimenes (group)","","hot water plant","Ornamental"
"Aciphylla aurea","","golden spaniard","Ornamental"
"Acoelorrhaphe wrightii","","paurotis palm","Ornamental"
"Aconitum hemsleyanum","","climbing monk's hood","Ornamental"
"Aconitum napellus","","monkshood","Ornamental"
"Aconitum volubile","","monkshood","Ornamental"
"Acorus calamus","","sweet flag","Ornamental"
"Acorus gramineus","","grassy-leaved sweet flag","Ornamental"
"Actaea dahurica","","bugbane","Ornamental"
"Actaea pachypoda","","white baneberry","Ornamental"
"Actaea podocarpa","","bugbane","Ornamental"
"Actaea racemosa","","black cohosh","Ornamental"
"Actaea simplex","","bugbane","Ornamental"
"Actinidia arguta","","hardy kiwi","Ornamental"
"Actinidia deliciosa","","kiwifruit","Ornamental"
"Actinidia kolomikta","","variegated kiwi vine","Ornamental"
"Adansonia digitata","","baobab","Ornamental"
"Adenium obesum","","desert rose","Ornamental"
"Adenophora liliifolia","","ladybells","Ornamental"
"Adiantum capillus-veneris","","maidenhair fern","Ornamental"
"Adiantum hispidulum","","rough maidenhair fern","Ornamental"
"Adiantum pedatum","","Northern maidenhair fern","Ornamental"
"Adiantum raddianum","","delta maidenhair fern","Ornamental"
"Adina rubella","","Chinese buttonbush","Ornamental"
"Adonidia merrillii","","Manila palm","Ornamental"
"Aechmea fasciata","","urn plant","Ornamental"
"Aeonium undulatum","","stalked aeonium","Ornamental"
"Aeschynanthus radicans","","lipstick plant","Ornamental"
"Aesculus californica","","California buckeye","Ornamental"
"Aesculus carnea","","red horse chestnut","Ornamental"
"Aesculus chinensis","","Chinese horse chestnut","Ornamental"
"Aesculus flava","","yellow buckeye","Ornamental"
"Aesculus glabra","","Ohio buckeye","Ornamental"
"Aesculus hippocastanum","","horse chestnut","Ornamental"
"Aesculus parviflora","","bottlebrush buckeye","Ornamental"
"Aesculus pavia","","red buckeye","Ornamental"
"Aesculus sylvatica","","painted buckeye","Ornamental"
"Aesculus woerlitzensis","","buckeye","Ornamental"
"Afrocarpus gracilior","","African fern pine","Ornamental"
"Agalinis tenuifolia","","slenderleaf false foxglove","Ornamental"
"Agapanthus africanus","","African lily","Ornamental"
"Agapanthus (group)","","lily of the Nile","Ornamental"
"Agastache cana","","hummingbird's mint","Herb"
"Agastache foeniculum","","anise hyssop","Ornamental"
"Agastache KUDOS RED","","dwarf hybrid hyssop","Ornamental"
"Agastache nepetoides","","yellow giant hyssop","Ornamental"
"Agastache rupestris","","threadleaf giant hyssop","Ornamental"
"Agastache SUMMER GLOW","","giant hyssop","Ornamental"
"Agave americana","","American century plant","Ornamental"
"Agave attenuata","","century plant","Ornamental"
"Agave desmetiana","","spineless jade agave","Ornamental"
"Agave geminiflora RASTA MAN","","agave","Ornamental"
"Agave havardiana","","century plant","Ornamental"
"Agave ovatifolia","","whale's tongue agave","Ornamental"
"Agave parryi","","Parry's agave","Ornamental"
"Agave schidigera","","century plant","Ornamental"
"Agave shawii","","coastal agave","Ornamental"
"Agave victoriae-reginae","","century plant","Ornamental"
"Ageratina altissima","","white snakeroot","Ornamental"
"Ageratum houstonianum","","floss flower","Ornamental"
"Aglaia edulis","","chu-lan tree","Ornamental"
"Aglaia odorata","","chu-lan tree","Ornamental"
"Aglaonema commutatum","","Philippine evergreen","Ornamental"
"Agrostis palustris NO MOW","","creeping bent grass","Ornamental"
"Ailanthus altissima","","tree of Heaven","Ornamental"
"Ajania pacifica","","ajania","Ornamental"
"Ajuga reptans","","common bugle","Ornamental"
"Akebia quinata","","chocolate vine","Ornamental"
"Alangium platanifolium","","alangium","Ornamental"
"Albizia saman","","rain tree","Ornamental"
"Alcea rosea","","hollyhock","Ornamental"
"Alcea rugosa","","hollyhock","Ornamental"
"Alchemilla mollis","","lady's mantle","Ornamental"
"Aleurites fordii","","tung-oil tree","Ornamental"
"Alisma triviale","","northern water plantain","Ornamental"
"Allamanda schottii","","bush allamanda","Ornamental"
"Allium altaicum","","onion","Vegetable"
"Allium cepa","","onion","Vegetable"
"Allium cernuum","","nodding onion","Vegetable"
"Allium cristophii","","star of Persia","Ornamental"
"Allium fistulosum","","scallion","Ornamental"
"Allium karataviense","","ornamental onion","Vegetable"
"Allium kunthianum","","allium","Ornamental"
"Allium lusitanicum","","German garlic","Vegetable"
"Allium moly","","golden garlic","Vegetable"
"Allium schoenoprasum","","chives","Ornamental"
"Allium schubertii","","ornamental onion","Vegetable"
"Allium senescens","","German garlic","Vegetable"
"Allium sphaerocephalon","","round-headed leek","Vegetable"
"Allium stellatum","","prairie onion","Vegetable"
"Allium tuberosum","","garlic chives","Vegetable"
"Allium ursinum","","wild garlic","Vegetable"
"Alluaudia dumosa","","alluaudia","Ornamental"
"Alluaudia humbertii","","alluaudia","Ornamental"
"Alnus cordata","","Italian alder","Ornamental"
"Alnus glutinosa","","European alder","Ornamental"
"Alnus incana","","grey alder","Ornamental"
"Alnus japonica","","Japanese alder","Ornamental"
"Alnus maritima","","seaside alder","Ornamental"
"Alnus mayrii","","alder","Ornamental"
"Alnus serrulata","","hazel alder","Ornamental"
"Alocasia amazonica","","elephant's ear","Ornamental"
"Alocasia (group)","","elephant's ear","Ornamental"
"Alocasia LOW RIDER","","elephant's ear","Ornamental"
"Alocasia macrorrhizos","","giant elephant's ear","Ornamental"
"Aloe aristata","","torch plant","Ornamental"
"Aloe ferox","","Cape aloe","Ornamental"
"Aloe harlana","","aloe","Ornamental"
"Aloe longistyla","","Karoo aloe","Ornamental"
"Aloe munchii","","large Chimanimani aloe","Ornamental"
"Aloe rauhii","","aloe","Ornamental"
"Aloe sabaea","","Yemen tree aloe","Ornamental"
"Aloe striata","","coral aloe","Ornamental"
"Aloe suzannae","","aloe","Ornamental"
"Aloe vera","","aloe","Ornamental"
"Aloysia citriodora","","lemon verbena","Ornamental"
"Aloysia virgata","","sweet almond bush","Ornamental"
"Alpinia galanga","","siamese ginger","Ornamental"
"Alpinia japonica","","ginger lily","Ornamental"
"Alpinia zerumbet","","shellplant","Ornamental"
"Alstroemeria aurea","","lily of the Incas","Ornamental"
"Alstroemeria isabellana","","lily of the Incas","Ornamental"
"Alstroemeria ligtu subsp. incarnata","","inca lily","Ornamental"
"Alternanthera dentata","","Joseph's coat","Ornamental"
"Alternanthera ficoidea","","Joseph's coat","Ornamental"
"Althaea officinalis","","marsh mallow","Ornamental"
"Alyssum murale","","yellowtuft","Ornamental"
"Alyssum propinquum","","alyssum","Ornamental"
"Amaranthus caudatus","","love-lies-bleeding","Ornamental"
"Amaranthus tricolor","","Joseph's coat","Ornamental"
"Amaranthus tricolor (vegetable group)","","Joseph's coat","Ornamental"
"Amelanchier arborea","","serviceberry","Ornamental"
"Amelanchier canadensis","","serviceberry","Ornamental"
"Amelanchier laevis","","Allegheny serviceberry","Ornamental"
"Amelanchier lamarckii","","juneberry","Ornamental"
"Amelanchier nantucketensis","","Nantucket serviceberry","Ornamental"
"Amelanchier obovalis","","coastal serviceberry","Ornamental"
"Amelanchier stolonifera","","running serviceberry","Ornamental"
"Amorpha canescens","","lead plant","Ornamental"
"Amorpha fruticosa","","false indigo","Ornamental"
"Amorpha ouachitensis","","Ouachita Mountain leadplant","Ornamental"
"Amorphophallus konjac","","Devil's tongue","Ornamental"
"Ampelopsis brevipedunculata","","amur peppervine","Ornamental"
"Amsonia ciliata","","blue star","Ornamental"
"Amsonia hubrichtii","","blue star","Ornamental"
"Amsonia illustris","","shining blue star","Ornamental"
"Amsonia tabernaemontana","","blue star","Ornamental"
"Anagallis monelli","","blue pimpernel","Ornamental"
"Ananas comosus","","pineapple","Ornamental"
"Anaphalis margaritacea","","pearly everlasting","Ornamental"
"Anaphalis triplinervis","","pearly everlasting","Ornamental"
"Anchusa azurea","","blue bugloss","Ornamental"
"Andropogon gerardii","","big blue stem","Ornamental"
"Andropogon glomeratus","","bushy bluestem","Ornamental"
"Anemone americana","","Roundleaf Liverleaf","Ornamental"
"Anemone blanda","","windflower","Ornamental"
"Anemone canadensis","","windflower","Ornamental"
"Anemone coronaria","","windflower","Ornamental"
"Anemone cylindrica","","windflower","Ornamental"
"Anemone hupehensis","","Japanese thimbleweed","Ornamental"
"Anemone lesseri","","windflower","Ornamental"
"Anemone narcissiflora","","windflower","Ornamental"
"Anemone nemorosa","","wood anemone","Ornamental"
"Anemone parviflora","","small-flowered anemone","Ornamental"
"Anemone sylvestris","","snowdrop windflower","Ornamental"
"Anemone tomentosa","","windflower","Ornamental"
"Anemone virginiana","","thimbleweed","Ornamental"
"Anethum graveolens","","dill","Herb"
"Angelica archangelica","","garden angelica","Ornamental"
"Angelica atropurpurea","","masterwort","Ornamental"
"Angelonia angustifolia","","angelonia","Ornamental"
"Anigozanthos flavidus","","tall kangaroo paw","Ornamental"
"Annona muricata","","soursop","Ornamental"
"Annona reticulata","","custard apple","Ornamental"
"Anomatheca laxa","","anomatheca","Ornamental"
"Anredera cordifolia","","heartleaf madeiravine","Ornamental"
"Antennaria dioica","","pussytoes","Ornamental"
"Antennaria neglecta","","field pussytoes","Ornamental"
"Antennaria parlinii","","pussy toes","Ornamental"
"Antennaria plantaginifolia","","pussytoes","Ornamental"
"Anthemis tinctoria","","golden chamomile","Ornamental"
"Anthericum liliago","","St. Bernard's lily","Ornamental"
"Anthurium andraeanum","","anthurium","Ornamental"
"Anthurium crassinervium","","anthurium","Ornamental"
"Antigonon leptopus","","coral vine","Ornamental"
"Antirrhinum majus","","snapdragon","Ornamental"
"Aphelandra squarrosa","","zebra plant","Ornamental"
"Apocynum cannabinum","","Indian hemp","Ornamental"
"Aponogeton distachyos","","Cape pondweed","Ornamental"
"Aquilegia caerulea","","columbine","Ornamental"
"Aquilegia canadensis","","columbine","Ornamental"
"Aquilegia flabellata","","fan columbine","Ornamental"
"Aquilegia fragrans","","sweet-scented columbine","Ornamental"
"Aquilegia glandulosa","","columbine","Ornamental"
"Aquilegia (McKana Group)","","columbine","Ornamental"
"Aquilegia olympica","","columbine","Ornamental"
"Aquilegia viridiflora","","columbine","Ornamental"
"Aquilegia vulgaris","","columbine","Ornamental"
"Aquilegia vulgaris (Vervaeneana Group)","","columbine","Ornamental"
"Arabis alpina","","mountain rockcress","Ornamental"
"Arabis caucasica","","garden rockcress","Ornamental"
"Arachis hypogaea","","peanut","Ornamental"
"Aralia chinensis","","Chinese angelica tree","Ornamental"
"Aralia cordata","","Japanese spikenard","Ornamental"
"Aralia racemosa","","American spikenard","Ornamental"
"Aralia spinosa","","Devil's walking stick","Ornamental"
"Araucaria columnaris","","New Caledonian pine","Ornamental"
"Araucaria heterophylla","","Norfolk Island pine","Ornamental"
"Arbutus andrachnoides","","hybrid strawberry tree","Fruit"
"Arctostaphylos uva-ursi","","common bearberry","Ornamental"
"Arctotis hybrida","","African daisy","Ornamental"
"Ardisia crenata","","hen's eyes","Ornamental"
"Ardisia japonica","","marlberry","Ornamental"
"Argania spinosa","","Argan tree","Ornamental"
"Argemone polyanthemos","","prickly poppy","Ornamental"
"Argyranthemum frutescens","","cobbitty daisy","Ornamental"
"Arisaema engleri","","arisaema","Ornamental"
"Arisaema kiushianum","","arisaema","Ornamental"
"Arisaema serratum","","arisaema","Ornamental"
"Arisaema ternatipartitum","","arisaema","Ornamental"
"Arisaema thunbergii","","arisaema","Ornamental"
"Arisaema triphyllum","","jack-in-the-pulpit","Ornamental"
"Aristea platycaulis","","aristea","Ornamental"
"Aristolochia clematitis","","birthwort","Ornamental"
"Aristolochia gigantea","","pelican flower","Ornamental"
"Aristolochia leuconeura","","birthwort","Ornamental"
"Aristolochia macrophylla","","Dutchman's pipe","Ornamental"
"Aristolochia manshuriensis","","birthwort","Ornamental"
"Aristolochia tomentosa","","Dutchman's pipe","Ornamental"
"Armeria maritima","","sea thrift","Ornamental"
"Armoracia rusticana","","horseradish","Ornamental"
"Arnoglossum atriplicifolium","","pale Indian plantain","Ornamental"
"Arnoglossum reniforme","","great Indian plantain","Ornamental"
"Aronia arbutifolia","","chokeberry","Ornamental"
"Aronia melanocarpa","","black chokeberry","Ornamental"
"Aronia prunifolia","","purple-fruited chokeberry","Ornamental"
"Artemisia abrotanum","","southernwood","Ornamental"
"Artemisia absinthium","","wormwood","Ornamental"
"Artemisia afra","","mugwort","Ornamental"
"Artemisia capillaris","","wormwood","Ornamental"
"Artemisia dracunculus","","tarragon","Ornamental"
"Artemisia frigida","","silky wormwood","Ornamental"
"Artemisia lactiflora (Guizhou Group)","","white mugwort","Ornamental"
"Artemisia ludoviciana","","white sage","Ornamental"
"Artemisia vulgaris","","mugwort","Ornamental"
"Arthropodium cirrhatum","","rienga lily","Ornamental"
"Artocarpus altilis","","breadfruit","Ornamental"
"Artocarpus heterophyllus","","jackfruit","Ornamental"
"Arum italicum","","Italian arum","Ornamental"
"Aruncus aethusifolius","","goat's beard","Ornamental"
"Aruncus dioicus","","goat's beard","Ornamental"
"Arundina graminifolia","","bamboo orchid","Ornamental"
"Arundinaria gigantea","","giant cane bamboo","Ornamental"
"Arundo donax","","giant reed","Ornamental"
"Asarina procumbens","","trailing snapdragon","Ornamental"
"Asarum canadense","","wild ginger","Ornamental"
"Asarum caudatum","","wild ginger","Ornamental"
"Asarum europaeum","","European wild ginger","Ornamental"
"Asarum shuttleworthii","","wild ginger","Ornamental"
"Asclepias curassavica","","blood flower","Ornamental"
"Asclepias hirtella","","prairie milkweed","Ornamental"
"Asclepias incarnata","","swamp milkweed","Ornamental"
"Asclepias purpurascens","","purple milkweed","Ornamental"
"Asclepias quadrifolia","","fourleaf milkweed","Ornamental"
"Asclepias speciosa","","showy milkweed","Ornamental"
"Asclepias sullivantii","","prairie milkweed","Ornamental"
"Asclepias syriaca","","common milkweed","Ornamental"
"Asclepias tuberosa","","butterfly weed","Ornamental"
"Asclepias verticillata","","whorled milkweed","Ornamental"
"Asclepias viridis","","green milkweed","Ornamental"
"Asparagus densiflorus","","Sprenger's asparagus fern","Vegetable"
"Asparagus officinalis","","asparagus","Vegetable"
"Asparagus retrofractus","","Ming fern","Ornamental"
"Asparagus setaceus","","asparagus fern","Vegetable"
"Asperula gussonii","","woodruff","Ornamental"
"Asperula tinctoria","","woodruff","Ornamental"
"Asphodeline lutea","","king's spear","Ornamental"
"Asphodelus albus","","white-flowered asphodel","Ornamental"
"Aspidistra elatior","","cast-iron plant","Ornamental"
"Asplenium ebenoides","","walking spleenwort","Ornamental"
"Asplenium platyneuron","","ebony spleenwort","Ornamental"
"Asplenium scolopendrium","","hart's tongue fern","Ornamental"
"Asplenium scolopendrium (Crispum Group)","","hart's tongue fern","Ornamental"
"Asplenium trichomanes","","maidenhair spleenwort","Ornamental"
"Aster tataricus","","tartarian aster","Ornamental"
"Asteriscus maritimus","","astericus","Ornamental"
"Astilbe arendsii ASTARY PINK","","astilbe","Ornamental"
"Astilbe japonica","","Florist's spiraea","Ornamental"
"Astilbe simplicifolia","","astilbe","Ornamental"
"Astilboides tabularis","","astilboides","Ornamental"
"Astragalus bisulcatus","","two-grooved milkvetch","Ornamental"
"Astragalus canadensis","","milk vetch","Ornamental"
"Astragalus crassicarpus","","ground plum","Ornamental"
"Astrantia major","","greater masterwort","Ornamental"
"Astrophytum myriostigma","","bishop's hat","Ornamental"
"Athyrium asplenioides","","southern lady fern","Ornamental"
"Athyrium filix-femina","","lady fern","Ornamental"
"Athyrium otophorum","","eared lady fern","Ornamental"
"Athyrium thelypterioides","","lady fern","Ornamental"
"Athyrium vidalii","","lady fern","Ornamental"
"Atriplex hortensis","","mountain spinach","Vegetable"
"Atropa belladonna","","deadly nightshade","Ornamental"
"Aucuba japonica","","spotted laurel","Ornamental"
"Aurinia saxatilis","","basket-of-gold","Ornamental"
"Averrhoa carambola","","star fruit","Ornamental"
"Azadirachta indica","","neem","Ornamental"
"Azara microphylla","","azara","Ornamental"
"Azara serrata","","saw toothed azara","Ornamental"
"Azara serrata ANDEAN GOLD","","saw toothed azara","Ornamental"
"Azolla filiculoides","","water fern","Ornamental"
"Baccharis angustifolia","","false willow","Ornamental"
"Baccharis halimifolia","","eastern baccharis","Ornamental"
"Baccharis pilularis","","dwarf chapparal-broom","Ornamental"
"Bambusa ventricosa","","Buddha belly bamboo","Ornamental"
"Baptisia alba","","false indigo","Ornamental"
"Baptisia australis","","blue false indigo","Ornamental"
"Baptisia bracteata","","false indigo","Ornamental"
"Baptisia lanceolata","","gopherweed","Ornamental"
"Baptisia perfoliata","","false indigo","Ornamental"
"Baptisia sphaerocarpa","","yellow wild indigo","Ornamental"
"Baptisia tinctoria","","wild indigo","Ornamental"
"Barleria cristata","","Philippine violet","Ornamental"
"Basella alba","","Malabar spinach","Vegetable"
"Bassia scoparia f. trichophylla","","burning bush","Ornamental"
"Bauhinia blakeana","","Hong Kong orchid tree","Ornamental"
"Beaucarnea recurvata","","ponytail palm","Ornamental"
"Beesia deltophylla","","beesia","Ornamental"
"Begonia benariensis BIG SERIES","","begonia","Ornamental"
"Begonia boliviensis BOSSA NOVA RED","","begonia","Ornamental"
"Begonia FUNKY PINK","","hybrid tuberous begonia","Ornamental"
"Begonia grandis","","hardy begonia","Ornamental"
"Begonia grandis subsp. evansiana","","hardy begonia","Ornamental"
"Begonia masoniana","","iron cross begonia","Ornamental"
"Begonia rex-cultorum","","rex begonia","Ornamental"
"Begonia (Tuberosa Group)","","hybrid tuberous begonia","Ornamental"
"Bellis perennis","","English daisy","Ornamental"
"Benincasa hispida","","wax gourd","Ornamental"
"Berberis aquifolium","","holly-leaved barberry","Ornamental"
"Berberis dictyota","","Jepson's Oregon-grape","Ornamental"
"Berberis mentorensis","","barberry","Ornamental"
"Berberis replicata","","barberry","Ornamental"
"Berberis thunbergii","","Japanese barberry","Ornamental"
"Berchemia scandens","","supple-Jack","Ornamental"
"Bergenia ciliata","","winter begonia","Ornamental"
"Bergenia crassifolia","","pigsqueak","Ornamental"
"Bergenia DRAGONFLY ANGEL KISS","","bergenia","Ornamental"
"Bergenia DRAGONFLY SAKURA","","bergenia","Ornamental"
"Bergenia purpurascens","","purple bergenia","Ornamental"
"Berlandiera lyrata","","chocolate flower","Ornamental"
"Berlandiera texana","","green eyes","Ornamental"
"Bertolonia maculata","","jewel plant","Ornamental"
"Betula dahurica","","Asian black birch","Ornamental"
"Betula lenta","","sweet birch","Ornamental"
"Betula occidentalis","","water birch","Ornamental"
"Betula pendula","","European white birch","Ornamental"
"Betula platyphylla","","Japanese white birch","Ornamental"
"Bidens aurea","","Arizona beggarstick","Ornamental"
"Bismarckia nobilis","","Bismarck palm","Ornamental"
"Bistorta officinalis","","meadow bistort","Ornamental"
"Blechnum spicant","","deer fern","Ornamental"
"Bletilla striata","","Chinese ground orchid","Ornamental"
"Blighia sapida","","akee","Ornamental"
"Boltonia asteroides","","false aster","Ornamental"
"Bombax ceiba","","red silk cottontree","Ornamental"
"Borago officinalis","","borage","Ornamental"
"Bouteloua curtipendula","","sideoats grass","Ornamental"
"Bouteloua gracilis","","blue grama","Ornamental"
"Brachyscome (group)","","Swan River daisy","Ornamental"
"Brachyscome iberidifolia","","Swan River daisy","Ornamental"
"Brassica juncea","","Chinese mustard","Ornamental"
"Brassica napus (Oleifera Group)","","rapeseed","Ornamental"
